<?xml version="1.0" encoding="UTF-8" standalone="no"?>
<contestStandings>
  <standingsHeader currentDate="Thu Sep 18 15:30:21 CST 2014" generatorId="$Id: DefaultScoringAlgorithm.java 2534 2012-04-18 02:27:12Z boudreat $" groupCount="1" medianProblemsSolved="0" problemCount="1" problemsAttempted="1" siteCount="1" systemName="CSUS Programming Contest System" systemURL="http://pc2.ecs.csus.edu/" systemVersion="9.2.3 20120910 build 2565" title="Programming Contest" totalAttempts="1" totalSolved="1">
    <groupList/>
    <colorList/>
    <problem attempts="1" bestSolutionTime="2" id="1" lastSolutionTime="2" numberSolved="1" title="pa"/>
  </standingsHeader>
  <teamStanding firstSolved="2" index="0" lastSolved="2" points="2" problemsAttempted="1" rank="1" solved="1" teamAlias="team1 (not aliasesd)" teamExternalId="" teamId="1" teamKey="1TEAM1" teamName="team1" teamSiteId="1" totalAttempts="1">
    <problemSummaryInfo attempts="1" index="1" isPending="false" isSolved="true" points="2" problemId="pa--2783755318952105298" solutionTime="2"/>
  </teamStanding>
  <teamStanding firstSolved="-1" index="1" lastSolved="0" points="0" problemsAttempted="0" rank="2" solved="0" teamAlias="team2 (not aliasesd)" teamExternalId="" teamId="2" teamKey="1TEAM2" teamName="team2" teamSiteId="1" totalAttempts="0">
    <problemSummaryInfo attempts="0" index="1" isPending="false" isSolved="false" points="0" problemId="pa--2783755318952105298" solutionTime="0"/>
  </teamStanding>
  <teamStanding firstSolved="-1" index="2" lastSolved="0" points="0" problemsAttempted="0" rank="2" solved="0" teamAlias="team3 (not aliasesd)" teamExternalId="" teamId="3" teamKey="1TEAM3" teamName="team3" teamSiteId="1" totalAttempts="0">
    <problemSummaryInfo attempts="0" index="1" isPending="false" isSolved="false" points="0" problemId="pa--2783755318952105298" solutionTime="0"/>
  </teamStanding>
  <teamStanding firstSolved="-1" index="3" lastSolved="0" points="0" problemsAttempted="0" rank="2" solved="0" teamAlias="team4 (not aliasesd)" teamExternalId="" teamId="4" teamKey="1TEAM4" teamName="team4" teamSiteId="1" totalAttempts="0">
    <problemSummaryInfo attempts="0" index="1" isPending="false" isSolved="false" points="0" problemId="pa--2783755318952105298" solutionTime="0"/>
  </teamStanding>
  <teamStanding firstSolved="-1" index="4" lastSolved="0" points="0" problemsAttempted="0" rank="2" solved="0" teamAlias="team5 (not aliasesd)" teamExternalId="" teamId="5" teamKey="1TEAM5" teamName="team5" teamSiteId="1" totalAttempts="0">
    <problemSummaryInfo attempts="0" index="1" isPending="false" isSolved="false" points="0" problemId="pa--2783755318952105298" solutionTime="0"/>
  </teamStanding>
  <teamStanding firstSolved="-1" index="5" lastSolved="0" points="0" problemsAttempted="0" rank="2" solved="0" teamAlias="team6 (not aliasesd)" teamExternalId="" teamId="6" teamKey="1TEAM6" teamName="team6" teamSiteId="1" totalAttempts="0">
    <problemSummaryInfo attempts="0" index="1" isPending="false" isSolved="false" points="0" problemId="pa--2783755318952105298" solutionTime="0"/>
  </teamStanding>
  <teamStanding firstSolved="-1" index="6" lastSolved="0" points="0" problemsAttempted="0" rank="2" solved="0" teamAlias="team7 (not aliasesd)" teamExternalId="" teamId="7" teamKey="1TEAM7" teamName="team7" teamSiteId="1" totalAttempts="0">
    <problemSummaryInfo attempts="0" index="1" isPending="false" isSolved="false" points="0" problemId="pa--2783755318952105298" solutionTime="0"/>
  </teamStanding>
  <teamStanding firstSolved="-1" index="7" lastSolved="0" points="0" problemsAttempted="0" rank="2" solved="0" teamAlias="team8 (not aliasesd)" teamExternalId="" teamId="8" teamKey="1TEAM8" teamName="team8" teamSiteId="1" totalAttempts="0">
    <problemSummaryInfo attempts="0" index="1" isPending="false" isSolved="false" points="0" problemId="pa--2783755318952105298" solutionTime="0"/>
  </teamStanding>
  <teamStanding firstSolved="-1" index="8" lastSolved="0" points="0" problemsAttempted="0" rank="2" solved="0" teamAlias="team9 (not aliasesd)" teamExternalId="" teamId="9" teamKey="1TEAM9" teamName="team9" teamSiteId="1" totalAttempts="0">
    <problemSummaryInfo attempts="0" index="1" isPending="false" isSolved="false" points="0" problemId="pa--2783755318952105298" solutionTime="0"/>
  </teamStanding>
  <teamStanding firstSolved="-1" index="9" lastSolved="0" points="0" problemsAttempted="0" rank="2" solved="0" teamAlias="team10 (not aliasesd)" teamExternalId="" teamId="10" teamKey="1TEAM10" teamName="team10" teamSiteId="1" totalAttempts="0">
    <problemSummaryInfo attempts="0" index="1" isPending="false" isSolved="false" points="0" problemId="pa--2783755318952105298" solutionTime="0"/>
  </teamStanding>
  <teamStanding firstSolved="-1" index="10" lastSolved="0" points="0" problemsAttempted="0" rank="2" solved="0" teamAlias="team11 (not aliasesd)" teamExternalId="" teamId="11" teamKey="1TEAM11" teamName="team11" teamSiteId="1" totalAttempts="0">
    <problemSummaryInfo attempts="0" index="1" isPending="false" isSolved="false" points="0" problemId="pa--2783755318952105298" solutionTime="0"/>
  </teamStanding>
  <teamStanding firstSolved="-1" index="11" lastSolved="0" points="0" problemsAttempted="0" rank="2" solved="0" teamAlias="team12 (not aliasesd)" teamExternalId="" teamId="12" teamKey="1TEAM12" teamName="team12" teamSiteId="1" totalAttempts="0">
    <problemSummaryInfo attempts="0" index="1" isPending="false" isSolved="false" points="0" problemId="pa--2783755318952105298" solutionTime="0"/>
  </teamStanding>
  <teamStanding firstSolved="-1" index="12" lastSolved="0" points="0" problemsAttempted="0" rank="2" solved="0" teamAlias="team13 (not aliasesd)" teamExternalId="" teamId="13" teamKey="1TEAM13" teamName="team13" teamSiteId="1" totalAttempts="0">
    <problemSummaryInfo attempts="0" index="1" isPending="false" isSolved="false" points="0" problemId="pa--2783755318952105298" solutionTime="0"/>
  </teamStanding>
  <teamStanding firstSolved="-1" index="13" lastSolved="0" points="0" problemsAttempted="0" rank="2" solved="0" teamAlias="team14 (not aliasesd)" teamExternalId="" teamId="14" teamKey="1TEAM14" teamName="team14" teamSiteId="1" totalAttempts="0">
    <problemSummaryInfo attempts="0" index="1" isPending="false" isSolved="false" points="0" problemId="pa--2783755318952105298" solutionTime="0"/>
  </teamStanding>
  <teamStanding firstSolved="-1" index="14" lastSolved="0" points="0" problemsAttempted="0" rank="2" solved="0" teamAlias="team15 (not aliasesd)" teamExternalId="" teamId="15" teamKey="1TEAM15" teamName="team15" teamSiteId="1" totalAttempts="0">
    <problemSummaryInfo attempts="0" index="1" isPending="false" isSolved="false" points="0" problemId="pa--2783755318952105298" solutionTime="0"/>
  </teamStanding>
  <teamStanding firstSolved="-1" index="15" lastSolved="0" points="0" problemsAttempted="0" rank="2" solved="0" teamAlias="team16 (not aliasesd)" teamExternalId="" teamId="16" teamKey="1TEAM16" teamName="team16" teamSiteId="1" totalAttempts="0">
    <problemSummaryInfo attempts="0" index="1" isPending="false" isSolved="false" points="0" problemId="pa--2783755318952105298" solutionTime="0"/>
  </teamStanding>
  <teamStanding firstSolved="-1" index="16" lastSolved="0" points="0" problemsAttempted="0" rank="2" solved="0" teamAlias="team17 (not aliasesd)" teamExternalId="" teamId="17" teamKey="1TEAM17" teamName="team17" teamSiteId="1" totalAttempts="0">
    <problemSummaryInfo attempts="0" index="1" isPending="false" isSolved="false" points="0" problemId="pa--2783755318952105298" solutionTime="0"/>
  </teamStanding>
  <teamStanding firstSolved="-1" index="17" lastSolved="0" points="0" problemsAttempted="0" rank="2" solved="0" teamAlias="team18 (not aliasesd)" teamExternalId="" teamId="18" teamKey="1TEAM18" teamName="team18" teamSiteId="1" totalAttempts="0">
    <problemSummaryInfo attempts="0" index="1" isPending="false" isSolved="false" points="0" problemId="pa--2783755318952105298" solutionTime="0"/>
  </teamStanding>
  <teamStanding firstSolved="-1" index="18" lastSolved="0" points="0" problemsAttempted="0" rank="2" solved="0" teamAlias="team19 (not aliasesd)" teamExternalId="" teamId="19" teamKey="1TEAM19" teamName="team19" teamSiteId="1" totalAttempts="0">
    <problemSummaryInfo attempts="0" index="1" isPending="false" isSolved="false" points="0" problemId="pa--2783755318952105298" solutionTime="0"/>
  </teamStanding>
  <teamStanding firstSolved="-1" index="19" lastSolved="0" points="0" problemsAttempted="0" rank="2" solved="0" teamAlias="team20 (not aliasesd)" teamExternalId="" teamId="20" teamKey="1TEAM20" teamName="team20" teamSiteId="1" totalAttempts="0">
    <problemSummaryInfo attempts="0" index="1" isPending="false" isSolved="false" points="0" problemId="pa--2783755318952105298" solutionTime="0"/>
  </teamStanding>
  <teamStanding firstSolved="-1" index="20" lastSolved="0" points="0" problemsAttempted="0" rank="2" solved="0" teamAlias="team21 (not aliasesd)" teamExternalId="" teamId="21" teamKey="1TEAM21" teamName="team21" teamSiteId="1" totalAttempts="0">
    <problemSummaryInfo attempts="0" index="1" isPending="false" isSolved="false" points="0" problemId="pa--2783755318952105298" solutionTime="0"/>
  </teamStanding>
  <teamStanding firstSolved="-1" index="21" lastSolved="0" points="0" problemsAttempted="0" rank="2" solved="0" teamAlias="team22 (not aliasesd)" teamExternalId="" teamId="22" teamKey="1TEAM22" teamName="team22" teamSiteId="1" totalAttempts="0">
    <problemSummaryInfo attempts="0" index="1" isPending="false" isSolved="false" points="0" problemId="pa--2783755318952105298" solutionTime="0"/>
  </teamStanding>
  <teamStanding firstSolved="-1" index="22" lastSolved="0" points="0" problemsAttempted="0" rank="2" solved="0" teamAlias="team23 (not aliasesd)" teamExternalId="" teamId="23" teamKey="1TEAM23" teamName="team23" teamSiteId="1" totalAttempts="0">
    <problemSummaryInfo attempts="0" index="1" isPending="false" isSolved="false" points="0" problemId="pa--2783755318952105298" solutionTime="0"/>
  </teamStanding>
  <teamStanding firstSolved="-1" index="23" lastSolved="0" points="0" problemsAttempted="0" rank="2" solved="0" teamAlias="team24 (not aliasesd)" teamExternalId="" teamId="24" teamKey="1TEAM24" teamName="team24" teamSiteId="1" totalAttempts="0">
    <problemSummaryInfo attempts="0" index="1" isPending="false" isSolved="false" points="0" problemId="pa--2783755318952105298" solutionTime="0"/>
  </teamStanding>
  <teamStanding firstSolved="-1" index="24" lastSolved="0" points="0" problemsAttempted="0" rank="2" solved="0" teamAlias="team25 (not aliasesd)" teamExternalId="" teamId="25" teamKey="1TEAM25" teamName="team25" teamSiteId="1" totalAttempts="0">
    <problemSummaryInfo attempts="0" index="1" isPending="false" isSolved="false" points="0" problemId="pa--2783755318952105298" solutionTime="0"/>
  </teamStanding>
  <teamStanding firstSolved="-1" index="25" lastSolved="0" points="0" problemsAttempted="0" rank="2" solved="0" teamAlias="team26 (not aliasesd)" teamExternalId="" teamId="26" teamKey="1TEAM26" teamName="team26" teamSiteId="1" totalAttempts="0">
    <problemSummaryInfo attempts="0" index="1" isPending="false" isSolved="false" points="0" problemId="pa--2783755318952105298" solutionTime="0"/>
  </teamStanding>
  <teamStanding firstSolved="-1" index="26" lastSolved="0" points="0" problemsAttempted="0" rank="2" solved="0" teamAlias="team27 (not aliasesd)" teamExternalId="" teamId="27" teamKey="1TEAM27" teamName="team27" teamSiteId="1" totalAttempts="0">
    <problemSummaryInfo attempts="0" index="1" isPending="false" isSolved="false" points="0" problemId="pa--2783755318952105298" solutionTime="0"/>
  </teamStanding>
  <teamStanding firstSolved="-1" index="27" lastSolved="0" points="0" problemsAttempted="0" rank="2" solved="0" teamAlias="team28 (not aliasesd)" teamExternalId="" teamId="28" teamKey="1TEAM28" teamName="team28" teamSiteId="1" totalAttempts="0">
    <problemSummaryInfo attempts="0" index="1" isPending="false" isSolved="false" points="0" problemId="pa--2783755318952105298" solutionTime="0"/>
  </teamStanding>
  <teamStanding firstSolved="-1" index="28" lastSolved="0" points="0" problemsAttempted="0" rank="2" solved="0" teamAlias="team29 (not aliasesd)" teamExternalId="" teamId="29" teamKey="1TEAM29" teamName="team29" teamSiteId="1" totalAttempts="0">
    <problemSummaryInfo attempts="0" index="1" isPending="false" isSolved="false" points="0" problemId="pa--2783755318952105298" solutionTime="0"/>
  </teamStanding>
  <teamStanding firstSolved="-1" index="29" lastSolved="0" points="0" problemsAttempted="0" rank="2" solved="0" teamAlias="team30 (not aliasesd)" teamExternalId="" teamId="30" teamKey="1TEAM30" teamName="team30" teamSiteId="1" totalAttempts="0">
    <problemSummaryInfo attempts="0" index="1" isPending="false" isSolved="false" points="0" problemId="pa--2783755318952105298" solutionTime="0"/>
  </teamStanding>
</contestStandings>
