<?xml version="1.0" encoding="UTF-8" standalone="no"?>
<contestStandings>
  <standingsHeader currentDate="Wed Sep 17 15:11:56 CST 2014" generatorId="$Id: DefaultScoringAlgorithm.java 2534 2012-04-18 02:27:12Z boudreat $" groupCount="1" medianProblemsSolved="0" problemCount="7" problemsAttempted="7" siteCount="1" systemName="CSUS Programming Contest System" systemURL="http://pc2.ecs.csus.edu/" systemVersion="9.2.3 20120910 build 2565" title="Programming Contest" totalAttempts="12" totalSolved="7">
    <groupList/>
    <colorList/>
    <problem attempts="3" bestSolutionTime="22" id="1" lastSolutionTime="22" numberSolved="1" title="pa"/>
    <problem attempts="2" bestSolutionTime="22" id="2" lastSolutionTime="22" numberSolved="1" title="pb"/>
    <problem attempts="2" bestSolutionTime="23" id="3" lastSolutionTime="23" numberSolved="1" title="pc"/>
    <problem attempts="2" bestSolutionTime="22" id="4" lastSolutionTime="22" numberSolved="1" title="pd"/>
    <problem attempts="1" bestSolutionTime="24" id="5" lastSolutionTime="24" numberSolved="1" title="pe"/>
    <problem attempts="1" bestSolutionTime="24" id="6" lastSolutionTime="24" numberSolved="1" title="pf"/>
    <problem attempts="1" bestSolutionTime="25" id="7" lastSolutionTime="25" numberSolved="1" title="pg"/>
  </standingsHeader>
  <teamStanding firstSolved="22" index="0" lastSolved="25" points="242" problemsAttempted="7" rank="1" solved="7" teamAlias="team1 (not aliasesd)" teamExternalId="" teamId="1" teamKey="1TEAM1" teamName="team1" teamSiteId="1" totalAttempts="12">
    <problemSummaryInfo attempts="3" index="1" isPending="true" isSolved="true" points="42" problemId="pa--5022497139795350138" solutionTime="22"/>
    <problemSummaryInfo attempts="2" index="2" isPending="false" isSolved="true" points="42" problemId="pb--2772120465806471866" solutionTime="22"/>
    <problemSummaryInfo attempts="2" index="3" isPending="false" isSolved="true" points="43" problemId="pc-5559325624935576064" solutionTime="23"/>
    <problemSummaryInfo attempts="2" index="4" isPending="false" isSolved="true" points="42" problemId="pd-1717873462220446781" solutionTime="22"/>
    <problemSummaryInfo attempts="1" index="5" isPending="false" isSolved="true" points="24" problemId="pe--596473094388011382" solutionTime="24"/>
    <problemSummaryInfo attempts="1" index="6" isPending="false" isSolved="true" points="24" problemId="pf-7010778457219971236" solutionTime="24"/>
    <problemSummaryInfo attempts="1" index="7" isPending="false" isSolved="true" points="25" problemId="pg--1003498671529974607" solutionTime="25"/>
  </teamStanding>
  <teamStanding firstSolved="-1" index="1" lastSolved="0" points="0" problemsAttempted="0" rank="2" solved="0" teamAlias="team2 (not aliasesd)" teamExternalId="" teamId="2" teamKey="1TEAM2" teamName="team2" teamSiteId="1" totalAttempts="0">
    <problemSummaryInfo attempts="0" index="1" isPending="false" isSolved="false" points="0" problemId="pa--5022497139795350138" solutionTime="0"/>
    <problemSummaryInfo attempts="0" index="2" isPending="false" isSolved="false" points="0" problemId="pb--2772120465806471866" solutionTime="0"/>
    <problemSummaryInfo attempts="0" index="3" isPending="false" isSolved="false" points="0" problemId="pc-5559325624935576064" solutionTime="0"/>
    <problemSummaryInfo attempts="0" index="4" isPending="false" isSolved="false" points="0" problemId="pd-1717873462220446781" solutionTime="0"/>
    <problemSummaryInfo attempts="0" index="5" isPending="false" isSolved="false" points="0" problemId="pe--596473094388011382" solutionTime="0"/>
    <problemSummaryInfo attempts="0" index="6" isPending="false" isSolved="false" points="0" problemId="pf-7010778457219971236" solutionTime="0"/>
    <problemSummaryInfo attempts="0" index="7" isPending="false" isSolved="false" points="0" problemId="pg--1003498671529974607" solutionTime="0"/>
  </teamStanding>
  <teamStanding firstSolved="-1" index="2" lastSolved="0" points="0" problemsAttempted="0" rank="2" solved="0" teamAlias="team3 (not aliasesd)" teamExternalId="" teamId="3" teamKey="1TEAM3" teamName="team3" teamSiteId="1" totalAttempts="0">
    <problemSummaryInfo attempts="0" index="1" isPending="false" isSolved="false" points="0" problemId="pa--5022497139795350138" solutionTime="0"/>
    <problemSummaryInfo attempts="0" index="2" isPending="false" isSolved="false" points="0" problemId="pb--2772120465806471866" solutionTime="0"/>
    <problemSummaryInfo attempts="0" index="3" isPending="false" isSolved="false" points="0" problemId="pc-5559325624935576064" solutionTime="0"/>
    <problemSummaryInfo attempts="0" index="4" isPending="false" isSolved="false" points="0" problemId="pd-1717873462220446781" solutionTime="0"/>
    <problemSummaryInfo attempts="0" index="5" isPending="false" isSolved="false" points="0" problemId="pe--596473094388011382" solutionTime="0"/>
    <problemSummaryInfo attempts="0" index="6" isPending="false" isSolved="false" points="0" problemId="pf-7010778457219971236" solutionTime="0"/>
    <problemSummaryInfo attempts="0" index="7" isPending="false" isSolved="false" points="0" problemId="pg--1003498671529974607" solutionTime="0"/>
  </teamStanding>
  <teamStanding firstSolved="-1" index="3" lastSolved="0" points="0" problemsAttempted="0" rank="2" solved="0" teamAlias="team4 (not aliasesd)" teamExternalId="" teamId="4" teamKey="1TEAM4" teamName="team4" teamSiteId="1" totalAttempts="0">
    <problemSummaryInfo attempts="0" index="1" isPending="false" isSolved="false" points="0" problemId="pa--5022497139795350138" solutionTime="0"/>
    <problemSummaryInfo attempts="0" index="2" isPending="false" isSolved="false" points="0" problemId="pb--2772120465806471866" solutionTime="0"/>
    <problemSummaryInfo attempts="0" index="3" isPending="false" isSolved="false" points="0" problemId="pc-5559325624935576064" solutionTime="0"/>
    <problemSummaryInfo attempts="0" index="4" isPending="false" isSolved="false" points="0" problemId="pd-1717873462220446781" solutionTime="0"/>
    <problemSummaryInfo attempts="0" index="5" isPending="false" isSolved="false" points="0" problemId="pe--596473094388011382" solutionTime="0"/>
    <problemSummaryInfo attempts="0" index="6" isPending="false" isSolved="false" points="0" problemId="pf-7010778457219971236" solutionTime="0"/>
    <problemSummaryInfo attempts="0" index="7" isPending="false" isSolved="false" points="0" problemId="pg--1003498671529974607" solutionTime="0"/>
  </teamStanding>
  <teamStanding firstSolved="-1" index="4" lastSolved="0" points="0" problemsAttempted="0" rank="2" solved="0" teamAlias="team5 (not aliasesd)" teamExternalId="" teamId="5" teamKey="1TEAM5" teamName="team5" teamSiteId="1" totalAttempts="0">
    <problemSummaryInfo attempts="0" index="1" isPending="false" isSolved="false" points="0" problemId="pa--5022497139795350138" solutionTime="0"/>
    <problemSummaryInfo attempts="0" index="2" isPending="false" isSolved="false" points="0" problemId="pb--2772120465806471866" solutionTime="0"/>
    <problemSummaryInfo attempts="0" index="3" isPending="false" isSolved="false" points="0" problemId="pc-5559325624935576064" solutionTime="0"/>
    <problemSummaryInfo attempts="0" index="4" isPending="false" isSolved="false" points="0" problemId="pd-1717873462220446781" solutionTime="0"/>
    <problemSummaryInfo attempts="0" index="5" isPending="false" isSolved="false" points="0" problemId="pe--596473094388011382" solutionTime="0"/>
    <problemSummaryInfo attempts="0" index="6" isPending="false" isSolved="false" points="0" problemId="pf-7010778457219971236" solutionTime="0"/>
    <problemSummaryInfo attempts="0" index="7" isPending="false" isSolved="false" points="0" problemId="pg--1003498671529974607" solutionTime="0"/>
  </teamStanding>
  <teamStanding firstSolved="-1" index="5" lastSolved="0" points="0" problemsAttempted="0" rank="2" solved="0" teamAlias="team6 (not aliasesd)" teamExternalId="" teamId="6" teamKey="1TEAM6" teamName="team6" teamSiteId="1" totalAttempts="0">
    <problemSummaryInfo attempts="0" index="1" isPending="false" isSolved="false" points="0" problemId="pa--5022497139795350138" solutionTime="0"/>
    <problemSummaryInfo attempts="0" index="2" isPending="false" isSolved="false" points="0" problemId="pb--2772120465806471866" solutionTime="0"/>
    <problemSummaryInfo attempts="0" index="3" isPending="false" isSolved="false" points="0" problemId="pc-5559325624935576064" solutionTime="0"/>
    <problemSummaryInfo attempts="0" index="4" isPending="false" isSolved="false" points="0" problemId="pd-1717873462220446781" solutionTime="0"/>
    <problemSummaryInfo attempts="0" index="5" isPending="false" isSolved="false" points="0" problemId="pe--596473094388011382" solutionTime="0"/>
    <problemSummaryInfo attempts="0" index="6" isPending="false" isSolved="false" points="0" problemId="pf-7010778457219971236" solutionTime="0"/>
    <problemSummaryInfo attempts="0" index="7" isPending="false" isSolved="false" points="0" problemId="pg--1003498671529974607" solutionTime="0"/>
  </teamStanding>
  <teamStanding firstSolved="-1" index="6" lastSolved="0" points="0" problemsAttempted="0" rank="2" solved="0" teamAlias="team7 (not aliasesd)" teamExternalId="" teamId="7" teamKey="1TEAM7" teamName="team7" teamSiteId="1" totalAttempts="0">
    <problemSummaryInfo attempts="0" index="1" isPending="false" isSolved="false" points="0" problemId="pa--5022497139795350138" solutionTime="0"/>
    <problemSummaryInfo attempts="0" index="2" isPending="false" isSolved="false" points="0" problemId="pb--2772120465806471866" solutionTime="0"/>
    <problemSummaryInfo attempts="0" index="3" isPending="false" isSolved="false" points="0" problemId="pc-5559325624935576064" solutionTime="0"/>
    <problemSummaryInfo attempts="0" index="4" isPending="false" isSolved="false" points="0" problemId="pd-1717873462220446781" solutionTime="0"/>
    <problemSummaryInfo attempts="0" index="5" isPending="false" isSolved="false" points="0" problemId="pe--596473094388011382" solutionTime="0"/>
    <problemSummaryInfo attempts="0" index="6" isPending="false" isSolved="false" points="0" problemId="pf-7010778457219971236" solutionTime="0"/>
    <problemSummaryInfo attempts="0" index="7" isPending="false" isSolved="false" points="0" problemId="pg--1003498671529974607" solutionTime="0"/>
  </teamStanding>
  <teamStanding firstSolved="-1" index="7" lastSolved="0" points="0" problemsAttempted="0" rank="2" solved="0" teamAlias="team8 (not aliasesd)" teamExternalId="" teamId="8" teamKey="1TEAM8" teamName="team8" teamSiteId="1" totalAttempts="0">
    <problemSummaryInfo attempts="0" index="1" isPending="false" isSolved="false" points="0" problemId="pa--5022497139795350138" solutionTime="0"/>
    <problemSummaryInfo attempts="0" index="2" isPending="false" isSolved="false" points="0" problemId="pb--2772120465806471866" solutionTime="0"/>
    <problemSummaryInfo attempts="0" index="3" isPending="false" isSolved="false" points="0" problemId="pc-5559325624935576064" solutionTime="0"/>
    <problemSummaryInfo attempts="0" index="4" isPending="false" isSolved="false" points="0" problemId="pd-1717873462220446781" solutionTime="0"/>
    <problemSummaryInfo attempts="0" index="5" isPending="false" isSolved="false" points="0" problemId="pe--596473094388011382" solutionTime="0"/>
    <problemSummaryInfo attempts="0" index="6" isPending="false" isSolved="false" points="0" problemId="pf-7010778457219971236" solutionTime="0"/>
    <problemSummaryInfo attempts="0" index="7" isPending="false" isSolved="false" points="0" problemId="pg--1003498671529974607" solutionTime="0"/>
  </teamStanding>
  <teamStanding firstSolved="-1" index="8" lastSolved="0" points="0" problemsAttempted="0" rank="2" solved="0" teamAlias="team9 (not aliasesd)" teamExternalId="" teamId="9" teamKey="1TEAM9" teamName="team9" teamSiteId="1" totalAttempts="0">
    <problemSummaryInfo attempts="0" index="1" isPending="false" isSolved="false" points="0" problemId="pa--5022497139795350138" solutionTime="0"/>
    <problemSummaryInfo attempts="0" index="2" isPending="false" isSolved="false" points="0" problemId="pb--2772120465806471866" solutionTime="0"/>
    <problemSummaryInfo attempts="0" index="3" isPending="false" isSolved="false" points="0" problemId="pc-5559325624935576064" solutionTime="0"/>
    <problemSummaryInfo attempts="0" index="4" isPending="false" isSolved="false" points="0" problemId="pd-1717873462220446781" solutionTime="0"/>
    <problemSummaryInfo attempts="0" index="5" isPending="false" isSolved="false" points="0" problemId="pe--596473094388011382" solutionTime="0"/>
    <problemSummaryInfo attempts="0" index="6" isPending="false" isSolved="false" points="0" problemId="pf-7010778457219971236" solutionTime="0"/>
    <problemSummaryInfo attempts="0" index="7" isPending="false" isSolved="false" points="0" problemId="pg--1003498671529974607" solutionTime="0"/>
  </teamStanding>
  <teamStanding firstSolved="-1" index="9" lastSolved="0" points="0" problemsAttempted="0" rank="2" solved="0" teamAlias="team10 (not aliasesd)" teamExternalId="" teamId="10" teamKey="1TEAM10" teamName="team10" teamSiteId="1" totalAttempts="0">
    <problemSummaryInfo attempts="0" index="1" isPending="false" isSolved="false" points="0" problemId="pa--5022497139795350138" solutionTime="0"/>
    <problemSummaryInfo attempts="0" index="2" isPending="false" isSolved="false" points="0" problemId="pb--2772120465806471866" solutionTime="0"/>
    <problemSummaryInfo attempts="0" index="3" isPending="false" isSolved="false" points="0" problemId="pc-5559325624935576064" solutionTime="0"/>
    <problemSummaryInfo attempts="0" index="4" isPending="false" isSolved="false" points="0" problemId="pd-1717873462220446781" solutionTime="0"/>
    <problemSummaryInfo attempts="0" index="5" isPending="false" isSolved="false" points="0" problemId="pe--596473094388011382" solutionTime="0"/>
    <problemSummaryInfo attempts="0" index="6" isPending="false" isSolved="false" points="0" problemId="pf-7010778457219971236" solutionTime="0"/>
    <problemSummaryInfo attempts="0" index="7" isPending="false" isSolved="false" points="0" problemId="pg--1003498671529974607" solutionTime="0"/>
  </teamStanding>
</contestStandings>
